ISO3,ADM_name,long,lat
AND,Andorra,1.56075624,42.54132652
ESP,Spain,-3.65263702,40.2272337
FRA,France,-2.75522119,42.18010698
GBR,United Kingdom,-2.88695152,54.14704819
ARE,United Arab Emirates,54.3007956,23.90578306
PAK,Pakistan,69.34134311,29.94849683
CHE,Switzerland,8.21535366,46.79895687
ZAF,South Africa,25.08736444,-29.00103218
USA,United States,-112.9268341,45.69785106
POL,Poland,19.39432214,52.12477182
IND,India,79.61572163,22.88795252
SAU,Saudi Arabia,44.53686368,24.12232707
JPN,Japan,137.9783476,37.5511774
IRN,Iran,54.27694673,32.57067818
BHR,Bahrain,50.54661935,26.05278429
OMN,Oman,56.09265654,20.60180565
DEU,Germany,10.38149384,51.10636349
CZE,Czech Republic,15.3141031,49.73244821
ITA,Italy,12.07190709,42.786434
BRA,Brazil,-53.09248235,-10.78085885
AUS,Australia,134.4911188,-25.73231054
KWT,Kuwait,47.5946235,29.34004209
RUS,Russia,96.67647041,61.98044567
EGY,Egypt,29.86120871,26.49291963
QAT,Qatar,51.18683129,25.31307459
AFG,Afghanistan,66.00844769,33.83626707
AUT,Austria,14.13067289,47.58565692
KOR,South Korea,127.819094,36.37335355
BEL,Belgium,4.63996051,50.63746164
GEO,Georgia,43.50752633,42.16880078
THA,Thailand,101.0033333,15.1144
PHL,Philippines,122.8744843,11.76301505
GRC,Greece,22.97481893,39.05118118
GHA,Ghana,-1.21652383,7.95395472
NLD,Netherlands,5.21681422,52.06979166
UGA,Uganda,32.31138292,1.50145731
TUR,Turkey,35.16723939,39.06108062
MAR,Morocco,-8.39643505,29.84169214
SWE,Sweden,16.75446643,62.77709986
NZL,New Zealand,171.4706907,-41.82952217
MYS,Malaysia,109.6988684,3.79239285
JOR,Jordan,36.7709218,31.24557414
CAN,Canada,-98.26424349,61.4749987
PRT,Portugal,-8.59083759,39.58714687
IRL,Ireland,-8.14504467,53.17822137
CHN,China,103.8315717,36.56011515
DNK,Denmark,10.0513897,55.96537746
LKA,Sri Lanka,80.70316284,7.61591405
TWN,Taiwan,120.9498753,23.75298511
IDN,Indonesia,117.2704333,-2.222961
ZMB,Zambia,27.76638853,-13.47303294
VNM,Vietnam,106.3009352,16.64218284
ROU,Romania,24.97294186,45.8534641
LBN,Lebanon,35.87993656,33.92035933
NGA,Nigeria,8.09123928,9.59531483
BGD,Bangladesh,90.24200002,23.84567735
KEN,Kenya,37.84791339,0.55755763
UKR,Ukraine,31.25530614,49.16007829
BIH,Bosnia and Herzegovina,17.77340802,44.17173406
MUS,Mauritius,57.84970019,-20.18554389
NPL,Nepal,83.91625344,28.24792219
IRQ,Iraq,43.74497702,33.03980378
ARG,Argentina,-65.17819064,-35.38755136
MDV,Maldives,73.30227719,3.82777984
FIN,Finland,26.27079504,64.49535898
ETH,Ethiopia,39.60055104,8.62295174
NOR,Norway,15.40959916,68.79427292
HUN,Hungary,19.39675927,47.16324369
SYC,Seychelles,52.06229184,-6.48999049
ZWE,Zimbabwe,29.85188462,-19.00253671
HKG,Hong Kong,114.1314469,22.38463689
BGR,Bulgaria,25.21751251,42.76852261
MMR,Myanmar,96.48928941,21.16766987
KAZ,Kazakhstan,67.27101336,48.18112621
AGO,Angola,17.53698501,-12.29231569
RWA,Rwanda,29.91906071,-1.99275053
TJK,Tajikistan,71.01583424,38.52988565
TKM,Turkmenistan,59.37596074,39.1159339
ATG,Antigua and Barbuda,-61.79173246,17.28438023
LCA,Saint Lucia,-60.97031653,13.90267055
DMA,Dominica,-61.35691759,15.43644049
VIR,"Virgin Islands, U.S.",-64.79765445,17.9805456
PRI,Puerto Rico,-66.46760029,18.22381647
KNA,Saint Kitts and Nevis,-62.69854545,17.27104226
ALB,Albania,20.0538192,41.14248206
MKD,Macedonia,21.68383041,41.59500493
XKO,Kosovo,20.87374319,42.57288339
MNE,Montenegro,19.23850029,42.78581805
ARM,Armenia,44.93230122,40.28813415
NAM,Namibia,17.2111332,-22.12924664
PRY,Paraguay,-58.39842281,-23.22751882
URY,Uruguay,-56.01715509,-32.79821075
BOL,Bolivia,-64.68475373,-16.70687681
CHL,Chile,-71.36437464,-37.74360562
PAN,Panama,-80.12129495,8.51455697
VEN,Venezuela,-66.16884026,7.12773154
DOM,Dominican Republic,-70.49658654,18.89636587
MEX,Mexico,-102.5303079,23.9491712
COL,Colombia,-73.0838421,3.90941305
ECU,Ecuador,-78.77228231,-1.42624147
PER,Peru,-74.37806457,-9.15438848
ASM,American Samoa,-170.3989209,-14.25494348
SVK,Slovakia,19.48038297,48.7049353
HRV,Croatia,16.39854884,45.06772617
LIE,Liechtenstein,9.54090029,47.13820643
SVN,Slovenia,14.80808963,46.11611098
CYP,Cyprus,32.9899917,34.91521704
SRB,Serbia,20.79040247,44.22137592
ISR,Israel,34.99603426,31.44396061
JAM,Jamaica,-77.31881047,18.15522639
LUX,Luxembourg,6.07176397,49.76682428
BRN,Brunei,114.7272458,4.51650031
FJI,Fiji,163.4078474,-17.44756192
PNG,Papua New Guinea,145.2315236,-6.4701206
VUT,Vanuatu,167.7008441,-16.20126791
NCL,New Caledonia,165.7026548,-21.30434014
ALA,?land,20.05558282,60.18644725
AZE,Azerbaijan,47.54211125,40.28911904
BRB,Barbados,-59.56121775,13.18105383
TTO,Trinidad and Tobago,-61.25844984,10.46882986
GRD,Grenada,-61.65668238,12.1533724
VCT,Saint Vincent and the Grenadines,-61.20335326,13.21621592
BHS,Bahamas,-76.55125222,24.22280929
SEN,Senegal,-14.47130603,14.36778858
LTU,Lithuania,23.88824902,55.32702364
BFA,Burkina Faso,-1.75552769,12.26955391
TGO,Togo,0.9622716,8.52678821
CIV,C?te d'Ivoire,-5.56900019,7.62796652
MDA,Moldova,28.46139713,47.19510149
BLR,Belarus,28.0335664,53.53188048
BDI,Burundi,29.91714635,-3.30713601
BEN,Benin,2.32874073,9.64121669
BMU,Bermuda,-64.76349139,32.31013658
GUY,Guyana,-58.98011465,4.79346187
SUR,Suriname,-55.91107136,4.13124498
HTI,Haiti,-72.69087406,18.93837144
TCA,Turks and Caicos Islands,-71.87330661,21.78004538
BTN,Bhutan,90.4044602,27.42175656
BWA,Botswana,23.79898673,-22.18577232
LVA,Latvia,24.90862243,56.85181948
BLZ,Belize,-88.69388853,17.20831869
GTM,Guatemala,-90.36015746,15.69601648
HND,Honduras,-86.62522746,14.82100942
CRI,Costa Rica,-84.19359756,9.97330952
ISL,Iceland,-18.59644593,64.99831582
GRL,Greenland,-41.34573937,74.73599062
CUB,Cuba,-79.03521176,21.62529805
MLI,Mali,-3.53907941,17.34416279
NIC,Nicaragua,-85.03333837,12.8453926
COD,Democratic Republic of the Congo,23.60320461,-2.86463491
CAF,Central African Republic,20.4648092,6.56632186
CMR,Cameroon,12.73698417,5.69305821
COG,Republic of Congo,15.21833616,-0.83887999
TCD,Chad,18.64625111,15.33307811
GAB,Gabon,11.78956926,-0.59165592
PRK,North Korea,127.1837778,40.15064275
LAO,Laos,103.7378722,18.50230147
KGZ,Kyrgyzstan,74.54166939,41.46191866
MNG,Mongolia,103.0562867,46.82580607
KHM,Cambodia,104.9028042,12.71556248
SLV,El Salvador,-88.87103252,13.73584955
CPV,Cape Verde,-23.96723977,15.93614025
EST,Estonia,25.53579321,58.67101415
TUN,Tunisia,9.55462625,34.11940522
DJI,Djibouti,42.56645365,11.75015588
FRO,Faroe Islands,-6.87055478,62.07402726
DZA,Algeria,2.65309138,28.14888966
NER,Niger,9.386034,17.41846377
PSE,Palestina,35.19781236,31.91608338
SDN,Sudan,29.93961782,15.98688117
LBY,Libya,18.00960512,27.03027798
ESH,Western Sahara,-12.21496167,24.23256064
ERI,Eritrea,38.85294445,15.35751373
FSM,Micronesia,155.2606333,6.96728113
JEY,Jersey,-2.12743081,49.22106421
MDG,Madagascar,46.70599831,-19.37316753
GGY,Guernsey,-2.53048003,49.48437292
GMB,Gambia,-15.39758203,13.44972956
GIN,Guinea,-10.94306127,10.43464905
GNQ,Equatorial Guinea,10.33288546,1.70696104
GNB,Guinea-Bissau,-14.97751375,12.0269219
CYM,Cayman Islands,-80.87702592,19.42633116
SYR,Syria,38.50456436,35.02300228
TZA,Tanzania,34.97317973,-6.4476894
SMR,San Marino,12.44222256,43.9364662
UZB,Uzbekistan,63.21481023,41.69902556
VGB,British Virgin Islands,-64.50286319,18.50988413
MNP,Northern Mariana Islands,145.599955,16.25085975
LBR,Liberia,-9.31986399,6.45223256
LSO,Lesotho,28.22862293,-29.57973044
MHL,Marshall Islands,170.0995278,7.11446534
MRT,Mauritania,-10.34339787,20.25621813
MSR,Montserrat,-62.18739878,16.73752357
MWI,Malawi,34.25149073,-13.53009523
MOZ,Mozambique,35.54586748,-17.31248778
NRU,Nauru,166.9331319,-0.52078288
PYF,French Polynesia,-145.0520404,-15.18877957
YEM,Yemen,47.59060193,15.90542129
SPM,Saint Pierre and Miquelon,-56.30781354,46.93045795
PLW,Palau,134.3480334,7.19763603
SLB,Solomon Islands,159.6380945,-8.9095832
SLE,Sierra Leone,-11.79501558,8.56308584
SOM,Somalia,45.70614437,4.74883679
SSD,South Sudan,30.30111961,7.28353071
STP,S?o Tom? and Pr?ncipe,6.72644287,0.44426003
SWZ,Swaziland,31.4800241,-26.56191435
TLS,Timor-Leste,125.8510756,-8.82377873
TON,Tonga,-174.8685123,-20.06655972
WSM,Samoa,-172.1612493,-13.75459565
NIU,Niue,-169.8672,-19.0544
KOS,Kosovo,20.903,42.6026
AIA,Anguilla,-63.0686,18.2206
BLM,Saint-barthelemy,-62.83333,17.9
VAT,Vatican-city-state,12.4534,41.9029
COK,Cook-islands,-159.7777,21.2367
COM,Comores,43.3333,11.6455
CUW,Curacao,-68.99,12.1696
FLK,Falkland-islands,-59.5236,-51.7963
GIB,Gibraltar,-5.3536,36.1408
GUF,French-guiana,-53.1258,3.9339
GUM,Guam,144.7937,13.4443
IMN,Isle-of-man,-4.5481,54.2361
KIR,Kiribati,-168.734,-3.3704
MAC,Macau,113.5439,22.1987
MAF,Saint-martin,-63.0501,18.0708
MCO,Monaco,7.4246,43.7384
MLT,Malta,14.3754,35.9375
MTQ,Martinique,-61.0242,14.6415
MYT,Mayotte,45.1662,-12.8275
REU,Reunion,55.5364,-21.1151
SGP,Singapore,103.8198,1.3521
SHN,Saint-helena,-5.7089,-15.965
SXM,Sint-maarten,-63.0548,18.0425
TUV,Tuvalu,177.6493,-7.1095
WLF,Wallis-and-futuna,-178.1165,-14.2938
ABW,Aruba,-69.9683,12.5211
